knot,L-space knot
m016,True
m071,True
m082,True
m103,True
m118,True
m144,True
m194,True
m198,True
m211,True
m223,True
m239,True
m240,True
m270,True
m276,True
m281,True
o9_00133,True
o9_00168,True
o9_00644,True
o9_00797,True
o9_00815,True
o9_01079,True
o9_01175,True
o9_01436,True
o9_01496,True
o9_01584,True
o9_01621,True
o9_01680,True
o9_01765,True
o9_01936,True
o9_01953,True
o9_01955,True
o9_02255,True
o9_02340,True
o9_02350,True
o9_02383,True
o9_02386,True
o9_02655,True
o9_02696,True
o9_02706,True
o9_02735,True
o9_02772,True
o9_02786,True
o9_02794,True
o9_02909,True
o9_03032,True
o9_03108,True
o9_03118,True
o9_03133,True
o9_03149,True
o9_03162,True
o9_03188,True
o9_03288,True
o9_03313,True
o9_03412,True
o9_03526,True
o9_03586,True
o9_03622,True
o9_03802,True
o9_03833,True
o9_03932,True
o9_04054,True
o9_04060,True
o9_04106,True
o9_04205,True
o9_04245,True
o9_04269,True
o9_04313,True
o9_04431,True
o9_04435,True
o9_04438,True
o9_04938,True
o9_05021,True
o9_05177,True
o9_05229,True
o9_05287,True
o9_05357,True
o9_05426,True
o9_05483,True
o9_05562,True
o9_05618,True
o9_05860,True
o9_05970,True
o9_06060,True
o9_06128,True
o9_06154,True
o9_06248,True
o9_06301,True
o9_06956,True
o9_07044,True
o9_07152,True
o9_07167,True
o9_07195,True
o9_07401,True
o9_07790,True
o9_07893,True
o9_07943,True
o9_07945,True
o9_08006,True
o9_08042,True
o9_08224,True
o9_08302,True
o9_08402,True
o9_08477,True
o9_08497,True
o9_08647,True
o9_08765,True
o9_08771,True
o9_08776,True
o9_08828,True
o9_08831,True
o9_08852,True
o9_08875,True
o9_09052,True
o9_09213,True
o9_09271,True
o9_09372,True
o9_09465,True
o9_09731,True
o9_09808,True
o9_10020,True
o9_10192,True
o9_10213,True
o9_10696,True
o9_11002,True
o9_11100,True
o9_11248,True
o9_11467,True
o9_11537,True
o9_11541,True
o9_11556,True
o9_11560,True
o9_11570,True
o9_11658,True
o9_11685,True
o9_11795,True
o9_11845,True
o9_11999,True
o9_12079,True
o9_12144,True
o9_12230,True
o9_12253,True
o9_12412,True
o9_12459,True
o9_12477,True
o9_12519,True
o9_12693,True
o9_12736,True
o9_12757,True
o9_12873,True
o9_12892,True
o9_12919,True
o9_12971,True
o9_13052,True
o9_13054,True
o9_13056,True
o9_13125,True
o9_13182,True
o9_13188,True
o9_13400,True
o9_13403,True
o9_13433,True
o9_13508,True
o9_13537,True
o9_13604,True
o9_13639,True
o9_13649,True
o9_13666,True
o9_13720,True
o9_13952,True
o9_14018,True
o9_14079,True
o9_14108,True
o9_14136,True
o9_14359,True
o9_14364,True
o9_14376,True
o9_14495,True
o9_14599,True
o9_14716,True
o9_14831,True
o9_14974,True
o9_15506,True
o9_15633,True
o9_15808,True
o9_15997,True
o9_16065,True
o9_16141,True
o9_16157,True
o9_16181,True
o9_16319,True
o9_16356,True
o9_16431,True
o9_16514,True
o9_16527,True
o9_16642,True
o9_16685,True
o9_16748,True
o9_16920,True
o9_17382,True
o9_17450,True
o9_17646,True
o9_18007,True
o9_18209,True
o9_18341,True
o9_18633,True
o9_18646,True
o9_18813,True
o9_19130,True
o9_19247,True
o9_19364,True
o9_19396,True
o9_19645,True
o9_19724,True
o9_20029,True
o9_20219,True
o9_20305,True
o9_20364,True
o9_20472,True
o9_21195,True
o9_21496,True
o9_21513,True
o9_21620,True
o9_21893,True
o9_21918,True
o9_22129,True
o9_22252,True
o9_22477,True
o9_22607,True
o9_22663,True
o9_22698,True
o9_22925,True
o9_23023,True
o9_23032,True
o9_23179,True
o9_23263,True
o9_23461,True
o9_23660,True
o9_23723,True
o9_23955,True
o9_23961,True
o9_23971,True
o9_23977,True
o9_24069,True
o9_24126,True
o9_24149,True
o9_24183,True
o9_24290,True
o9_24401,True
o9_24407,True
o9_24534,True
o9_24592,True
o9_24779,True
o9_24886,True
o9_24889,True
o9_24946,True
o9_25110,True
o9_25199,True
o9_25341,True
o9_25444,True
o9_25595,True
o9_25709,True
o9_25832,True
o9_26141,True
o9_26471,True
o9_26570,True
o9_26604,True
o9_26767,True
o9_26791,True
o9_27107,True
o9_27155,True
o9_27261,True
o9_27371,True
o9_27392,True
o9_27429,True
o9_27480,True
o9_27737,True
o9_27767,True
o9_28113,True
o9_28153,True
o9_28284,True
o9_28529,True
o9_28592,True
o9_28746,True
o9_28751,True
o9_28810,True
o9_29048,True
o9_29246,True
o9_29436,True
o9_29529,True
o9_29551,True
o9_29648,True
o9_29751,True
o9_29766,True
o9_30142,True
o9_30150,True
o9_30375,True
o9_30634,True
o9_30650,True
o9_30721,True
o9_30790,True
o9_31165,True
o9_31267,True
o9_31321,True
o9_31440,True
o9_31481,True
o9_32044,True
o9_32065,True
o9_32132,True
o9_32150,True
o9_32257,True
o9_32314,True
o9_32471,True
o9_32588,True
o9_32964,True
o9_33189,True
o9_33284,True
o9_33380,True
o9_33430,True
o9_33486,True
o9_33526,True
o9_33585,True
o9_33801,True
o9_33944,True
o9_33959,True
o9_34000,True
o9_34403,True
o9_34409,True
o9_34689,True
o9_35320,True
o9_35549,True
o9_35666,True
o9_35682,True
o9_35720,True
o9_35736,True
o9_35772,True
o9_35928,True
o9_36114,True
o9_36250,True
o9_36380,True
o9_36544,True
o9_36809,True
o9_36958,True
o9_37050,True
o9_37291,True
o9_37482,True
o9_37551,True
o9_37685,True
o9_37751,True
o9_37754,True
o9_37851,True
o9_37941,True
o9_38287,True
o9_38679,True
o9_38811,True
o9_38928,True
o9_38989,True
o9_39162,True
o9_39394,True
o9_39451,True
o9_39521,True
o9_39606,True
o9_39608,True
o9_39859,True
o9_39879,True
o9_39981,True
o9_40026,True
o9_40052,True
o9_40075,True
o9_40179,True
o9_40363,True
o9_40487,True
o9_40504,True
o9_40582,True
o9_41372,True
o9_42224,True
o9_42493,True
o9_42675,True
o9_42961,True
o9_43001,True
o9_43679,True
o9_43750,True
o9_43857,True
o9_43953,True
o9_44054,True
s042,True
s068,True
s086,True
s104,True
s114,True
s294,True
s301,True
s308,True
s336,True
s344,True
s346,True
s367,True
s369,True
s384,True
s407,True
s560,True
s582,True
s652,True
s665,True
s682,True
s684,True
s769,True
s800,True
s849,True
t00110,True
t00146,True
t00324,True
t00423,True
t00434,True
t00550,True
t00621,True
t00729,True
t00787,True
t00826,True
t00855,True
t00873,True
t00932,True
t01033,True
t01037,True
t01125,True
t01216,True
t01268,True
t01292,True
t01318,True
t01368,True
t01409,True
t01422,True
t01424,True
t01440,True
t01598,True
t01636,True
t01646,True
t01690,True
t01757,True
t01815,True
t01834,True
t01850,True
t01863,True
t01949,True
t01966,True
t02099,True
t02104,True
t02238,True
t02276,True
t02378,True
t02398,True
t02404,True
t02470,True
t02537,True
t02567,True
t02639,True
t03106,True
t03566,True
t03607,True
t03709,True
t03710,True
t03713,True
t03781,True
t03843,True
t03864,True
t03956,True
t03979,True
t04003,True
t04019,True
t04102,True
t04180,True
t04228,True
t04244,True
t04382,True
t04449,True
t04557,True
t04721,True
t04756,True
t04927,True
t05118,True
t05239,True
t05390,True
t05425,True
t05426,True
t05538,True
t05564,True
t05578,True
t05658,True
t05663,True
t05674,True
t05695,True
t06001,True
t06246,True
t06440,True
t06463,True
t06525,True
t06570,True
t06573,True
t06605,True
t06637,True
t06715,True
t06957,True
t07070,True
t07104,True
t07348,True
t07355,True
t07412,True
t07670,True
t08111,True
t08114,True
t08184,True
t08201,True
t08267,True
t08273,True
t08403,True
t08532,True
t08576,True
t08936,True
t09016,True
t09126,True
t09267,True
t09284,True
t09313,True
t09450,True
t09455,True
t09500,True
t09580,True
t09633,True
t09690,True
t09704,True
t09847,True
t09852,True
t09882,True
t09912,True
t09954,True
t10177,True
t10188,True
t10215,True
t10224,True
t10230,True
t10262,True
t10292,True
t10462,True
t10496,True
t10643,True
t10681,True
t10832,True
t10985,True
t11198,True
t11376,True
t11548,True
t11556,True
t11852,True
t11887,True
t11909,True
t12288,True
t12533,True
t12681,True
t12753,True
v0082,True
v0114,True
v0165,True
v0220,True
v0223,True
v0249,True
v0319,True
v0330,True
v0398,True
v0407,True
v0424,True
v0434,True
v0497,True
v0545,True
v0554,True
v0570,True
v0573,True
v0707,True
v0709,True
v0715,True
v0740,True
v0741,True
v0759,True
v0765,True
v0830,True
v0847,True
v0912,True
v0939,True
v0945,True
v0959,True
v1077,True
v1109,True
v1269,True
v1300,True
v1359,True
v1392,True
v1423,True
v1425,True
v1547,True
v1565,True
v1620,True
v1628,True
v1690,True
v1709,True
v1716,True
v1718,True
v1728,True
v1810,True
v1832,True
v1839,True
v1915,True
v1921,True
v1940,True
v1966,True
v1980,True
v1986,True
v2024,True
v2090,True
v2215,True
v2217,True
v2290,True
v2325,True
v2384,True
v2759,True
v2871,True
v2900,True
v2925,True
v2930,True
v3070,True
v3105,True
v3234,True
v3335,True
v3354,True
v3482,True
